{"app":["/app-126ad182415565805fb0.js"],"gatsby-plugin-image":["/gatsby-plugin-image-8c4dfa7bb10c39d4406d.js"],"component---src-pages-404-js":["/component---src-pages-404-js-53bcccc5e4b903e02c41.js"],"component---src-pages-index-js":["/component---src-pages-index-js-d3711c4799c840aa2959.js"],"component---src-pages-page-2-js":["/component---src-pages-page-2-js-2c6cf95eea8e90645508.js"],"component---src-pages-using-ssr-js":["/component---src-pages-using-ssr-js-8a7b990f670e16607966.js"],"component---src-pages-using-typescript-tsx":["/component---src-pages-using-typescript-tsx-e3478ea322c460dc6d21.js"],"component---src-templates-page-template-js":["/component---src-templates-page-template-js-8458d52c4aa627b05bac.js"]}