{"name":"build-javascript","namedChunkGroups":{"app":{"name":"app","assets":[{"name":"webpack-runtime-143952748d6376237c46.js","size":5109},{"name":"framework-6e68b7056956344bfd29.js","size":210255},{"name":"app-126ad182415565805fb0.js","size":107542}],"filteredAssets":0,"assetsSize":322906,"filteredAuxiliaryAssets":3,"auxiliaryAssetsSize":887157},"gatsby-plugin-image":{"name":"gatsby-plugin-image","assets":[{"name":"gatsby-plugin-image-8c4dfa7bb10c39d4406d.js","size":18507}],"filteredAssets":0,"assetsSize":18507,"filteredAuxiliaryAssets":1,"auxiliaryAssetsSize":79329},"component---src-pages-404-js":{"name":"component---src-pages-404-js","assets":[{"name":"styles.7d3fa1b1b3ffb7570cd2.css","size":13664},{"name":"component---src-pages-404-js-53bcccc5e4b903e02c41.js","size":4724}],"filteredAssets":0,"assetsSize":18388,"filteredAuxiliaryAssets":1,"auxiliaryAssetsSize":10848},"component---src-pages-index-js":{"name":"component---src-pages-index-js","assets":[{"name":"styles.7d3fa1b1b3ffb7570cd2.css","size":13664},{"name":"component---src-pages-index-js-d3711c4799c840aa2959.js","size":4754}],"filteredAssets":0,"assetsSize":18418,"filteredAuxiliaryAssets":1,"auxiliaryAssetsSize":11366},"component---src-pages-page-2-js":{"name":"component---src-pages-page-2-js","assets":[{"name":"styles.7d3fa1b1b3ffb7570cd2.css","size":13664},{"name":"component---src-pages-page-2-js-2c6cf95eea8e90645508.js","size":4762}],"filteredAssets":0,"assetsSize":18426,"filteredAuxiliaryAssets":1,"auxiliaryAssetsSize":10938},"component---src-pages-using-ssr-js":{"name":"component---src-pages-using-ssr-js","assets":[{"name":"styles.7d3fa1b1b3ffb7570cd2.css","size":13664},{"name":"component---src-pages-using-ssr-js-8a7b990f670e16607966.js","size":5344}],"filteredAssets":0,"assetsSize":19008,"filteredAuxiliaryAssets":1,"auxiliaryAssetsSize":12304},"component---src-pages-using-typescript-tsx":{"name":"component---src-pages-using-typescript-tsx","assets":[{"name":"styles.7d3fa1b1b3ffb7570cd2.css","size":13664},{"name":"component---src-pages-using-typescript-tsx-e3478ea322c460dc6d21.js","size":5675}],"filteredAssets":0,"assetsSize":19339,"filteredAuxiliaryAssets":1,"auxiliaryAssetsSize":12694},"component---src-templates-page-template-js":{"name":"component---src-templates-page-template-js","assets":[{"name":"styles.7d3fa1b1b3ffb7570cd2.css","size":13664},{"name":"component---src-templates-page-template-js-8458d52c4aa627b05bac.js","size":4766}],"filteredAssets":0,"assetsSize":18430,"filteredAuxiliaryAssets":1,"auxiliaryAssetsSize":11353}},"assetsByChunkName":{"app":["webpack-runtime-143952748d6376237c46.js","framework-6e68b7056956344bfd29.js","app-126ad182415565805fb0.js"],"gatsby-plugin-image":["gatsby-plugin-image-8c4dfa7bb10c39d4406d.js"],"component---src-pages-404-js":["styles.7d3fa1b1b3ffb7570cd2.css","component---src-pages-404-js-53bcccc5e4b903e02c41.js"],"component---src-pages-index-js":["styles.7d3fa1b1b3ffb7570cd2.css","component---src-pages-index-js-d3711c4799c840aa2959.js"],"component---src-pages-page-2-js":["styles.7d3fa1b1b3ffb7570cd2.css","component---src-pages-page-2-js-2c6cf95eea8e90645508.js"],"component---src-pages-using-ssr-js":["styles.7d3fa1b1b3ffb7570cd2.css","component---src-pages-using-ssr-js-8a7b990f670e16607966.js"],"component---src-pages-using-typescript-tsx":["styles.7d3fa1b1b3ffb7570cd2.css","component---src-pages-using-typescript-tsx-e3478ea322c460dc6d21.js"],"component---src-templates-page-template-js":["styles.7d3fa1b1b3ffb7570cd2.css","component---src-templates-page-template-js-8458d52c4aa627b05bac.js"]},"childAssetsByChunkName":{}}